ID,Title,Description,Done
1,pede,Quisque id justo sit amet sapien dignissim vestibulum. Vestibulum ante ipsum primis in faucibus orci luctus et ultrices posuere cubilia Curae; Nulla dapibus dolor vel est.,0
2,ullamcorper purus sit,Maecenas ut massa quis augue luctus tincidunt. Nulla mollis molestie lorem.,1
3,tellus in sagittis,Vestibulum ante ipsum primis in faucibus orci luctus et ultrices posuere cubilia Curae; Mauris viverra diam vitae quam.,1
4,non mauris,"Integer aliquet, massa id lobortis convallis, tortor risus dapibus augue, vel accumsan tellus nisi eu orci. Mauris lacinia sapien quis libero.",0
5,leo,Donec vitae nisi.,0
6,nisl duis,Mauris lacinia sapien quis libero. Nullam sit amet turpis elementum ligula vehicula consequat.,1
7,mauris morbi,Vivamus in felis eu sapien cursus vestibulum. Proin eu mi.,0
8,volutpat,"In blandit ultrices enim. Lorem ipsum dolor sit amet, consectetuer adipiscing elit.",1
9,lorem ipsum dolor,In hac habitasse platea dictumst.,1
10,id sapien in,Nulla ac enim.,1
